,name,github_id,category,github_url,homepage,license,created_at,updated_at,last_commit_pushed_at,commit_count,recent_commit_count,fork_count,watchers_count,pr_count,open_issue_count,closed_issue_count,star_count,latest_stable_release_published_at,latest_stable_release_number,release_count,description,contributor_count,projectrank,show,projectrank_placing,github_release_downloads,monthly_downloads,maven_id,maven_url,trending,dependent_project_count,github_dependent_project_count,updated_github_id,labels
0,playframework,playframework/playframework,web-frameworks,https://github.com/playframework/playframework,https://github.com/playframework/playframework,Apache-2.0,2011-09-07 09:24:08,2023-06-05 14:59:43,2023-06-05 14:59:43,12926.0,244.0,4006.0,656.0,8053.0,406.0,3267.0,12402.0,2023-01-13 17:31:24,2.8.19,58.0,Play Framework.,955.0,31,True,1.0,,,,,,,,,
1,coursier,coursier/coursier,sbt,https://github.com/coursier/coursier,https://github.com/coursier/coursier,Apache-2.0,2015-06-16 18:32:53,2023-06-08 15:53:32,2023-05-30 01:33:51,4088.0,61.0,281.0,56.0,1736.0,319.0,704.0,1955.0,2023-05-18 15:07:42,2.1.4,100.0,Pure Scala Artifact Fetching.,138.0,29,True,1.0,7453378.0,155278.0,,,,,,,
2,http4s,http4s/http4s,http,https://github.com/http4s/http4s,https://github.com/http4s/http4s,Apache-2.0,2012-03-12 04:41:20,2023-06-08 07:51:55,2023-06-08 07:44:23,16913.0,203.0,755.0,76.0,5648.0,225.0,1123.0,2420.0,2023-05-12 19:44:09,0.23.19,100.0,"A minimal, idiomatic Scala interface for HTTP.",444.0,28,True,1.0,,,,,,,,,
3,zio,zio/zio,ecosystems,https://github.com/zio/zio,https://github.com/zio/zio,Apache-2.0,2018-05-19 16:40:37,2023-06-08 15:20:23,2023-06-08 05:07:48,7169.0,184.0,1159.0,116.0,5796.0,363.0,1987.0,3800.0,2023-06-05 23:39:00,2.0.15,100.0,"ZIO A type-safe, composable library for async and concurrent programming in Scala.",660.0,27,True,1.0,,,dev.zio:zio_2.13,https://search.maven.org/artifact/dev.zio/zio_2.13,-1.0,,,,
4,ammonite,com-lihaoyi/ammonite,toolkits,https://github.com/com-lihaoyi/Ammonite,https://github.com/com-lihaoyi/Ammonite,MIT,2015-01-13 07:34:38,2023-06-06 12:32:38,2023-06-06 12:28:33,2716.0,29.0,351.0,67.0,557.0,120.0,672.0,2570.0,2023-02-08 15:19:33,2.5.8,100.0,Scala Scripting.,135.0,27,True,1.0,829188.0,10496.0,,,2.0,,,,
5,gatling,gatling/gatling,test,https://github.com/gatling/gatling,https://github.com/gatling/gatling,Apache-2.0,2011-05-31 12:40:25,2023-06-06 20:21:08,2023-06-06 20:19:23,10133.0,72.0,1143.0,233.0,806.0,41.0,3583.0,5950.0,,,,Modern Load Testing as Code.,222.0,26,True,1.0,,,,,,,,,
6,shapeless,milessabin/shapeless,toolkits,https://github.com/milessabin/shapeless,https://github.com/milessabin/shapeless,Apache-2.0,2011-12-18 13:36:38,2023-06-06 20:57:11,2023-06-06 20:57:10,2678.0,14.0,523.0,109.0,905.0,28.0,380.0,3331.0,2022-09-12 22:32:36,2.3.10,7.0,Generic programming for Scala.,153.0,26,True,1.0,,,,,,103.0,103.0,,
7,tapir,softwaremill/tapir,http,https://github.com/softwaremill/tapir,https://github.com/softwaremill/tapir,Apache-2.0,2018-12-09 16:43:49,2023-06-08 13:29:29,2023-06-07 11:56:24,7706.0,250.0,340.0,51.0,2271.0,100.0,571.0,1213.0,2023-06-06 12:16:29,1.5.1,100.0,"Declarative, type-safe web endpoints library.",235.0,26,True,1.0,,,,,,,,,
8,slick,slick/slick,db-clients,https://github.com/slick/slick,https://github.com/slick/slick,BSD-2-Clause,2009-02-20 22:51:53,2023-06-07 20:09:45,2023-06-05 11:16:32,3145.0,81.0,581.0,150.0,1343.0,400.0,934.0,2609.0,2022-09-13 19:27:07,3.4.1,16.0,Slick (Scala Language Integrated Connection Kit) is a modern database query and access library for Scala.,198.0,25,True,1.0,,,,,,,,,
9,elastic4s,sksamuel/elastic4s,db-clients,https://github.com/sksamuel/elastic4s,https://github.com/sksamuel/elastic4s,Apache-2.0,2013-06-10 20:23:57,2023-06-06 22:45:59,2023-04-25 11:22:05,4695.0,27.0,675.0,75.0,1738.0,13.0,1118.0,1630.0,2023-03-25 01:01:44,8.5.4,31.0,"Elasticsearch Scala Client - Reactive, Non Blocking, Type Safe, HTTP Client.",395.0,25,True,1.0,,,com.sksamuel.elastic4s:elastic4s_2.13,https://search.maven.org/artifact/com.sksamuel.elastic4s/elastic4s_2.13,,,,,
10,sttp,softwaremill/sttp,http,https://github.com/softwaremill/sttp,https://github.com/softwaremill/sttp,Apache-2.0,2017-06-30 15:15:07,2023-06-08 00:42:59,2023-06-08 00:42:32,5149.0,133.0,265.0,44.0,1457.0,51.0,340.0,1371.0,2023-04-11 09:13:58,3.8.15,89.0,The Scala HTTP client you always wanted!.,189.0,25,True,2.0,,,,,,,,,
11,cats,typelevel/cats,toolkits,https://github.com/typelevel/cats,https://github.com/typelevel/cats,,2015-01-28 20:26:48,2023-06-07 20:12:21,2023-06-07 17:23:29,6493.0,71.0,1131.0,190.0,3261.0,193.0,970.0,4931.0,2022-11-12 21:20:14,2.9.0,63.0,"Lightweight, modular, and extensible library for functional programming.",537.0,24,False,1.0,,,,,,,,,
12,doobie,tpolecat/doobie,db-clients,https://github.com/tpolecat/doobie,https://github.com/tpolecat/doobie,MIT,2013-11-25 07:25:20,2023-06-08 06:38:41,2023-06-07 08:50:24,3286.0,71.0,332.0,68.0,1346.0,136.0,376.0,2061.0,2022-01-31 22:59:44,1.0.0-RC2,16.0,Functional JDBC layer for Scala.,162.0,24,True,1.0,,,,,,,,,
13,sangria,sangria-graphql/sangria,misc,https://github.com/sangria-graphql/sangria,https://github.com/sangria-graphql/sangria,Apache-2.0,2015-07-05 21:29:30,2023-06-07 11:38:27,2023-06-07 11:32:06,1971.0,74.0,207.0,60.0,561.0,50.0,401.0,1942.0,2023-05-30 09:49:03,4.0.0,79.0,Scala GraphQL implementation.,63.0,24,True,1.0,,,,,,,,,
14,circe,circe/circe,json,https://github.com/circe/circe,https://github.com/circe/circe,Apache-2.0,2015-07-31 15:12:09,2023-06-08 15:07:31,2023-04-05 21:30:35,2952.0,7.0,516.0,67.0,1626.0,169.0,353.0,2403.0,2023-03-03 15:49:47,0.14.5,68.0,Yet another JSON library for Scala.,261.0,23,True,1.0,,,io.circe:circe-core_2.13,https://search.maven.org/artifact/io.circe/circe-core_2.13,-1.0,,,,
15,scalacheck,typelevel/scalacheck,test,https://github.com/typelevel/scalacheck,https://github.com/typelevel/scalacheck,BSD-3-Clause,2011-05-26 11:44:12,2023-06-08 16:11:23,2023-06-08 13:38:10,1989.0,57.0,373.0,58.0,635.0,50.0,286.0,1875.0,2022-09-15 23:24:43,1.17.0,10.0,Property-based testing for Scala.,135.0,23,True,1.0,,,,,2.0,,,,
16,Monocle,optics-dev/monocle,toolkits,https://github.com/optics-dev/Monocle,https://github.com/optics-dev/Monocle,MIT,2014-01-17 19:49:22,2023-06-06 22:17:38,2023-06-06 21:58:20,2116.0,18.0,195.0,51.0,983.0,44.0,331.0,1584.0,2023-01-03 14:12:47,3.2.0,9.0,Optics library for Scala.,125.0,23,True,1.0,,,,,,,,,
17,spark-testing-base,holdenk/spark-testing-base,test,https://github.com/holdenk/spark-testing-base,https://github.com/holdenk/spark-testing-base,Apache-2.0,2015-01-30 22:23:59,2023-06-04 18:54:08,2023-05-02 22:49:17,751.0,16.0,348.0,81.0,184.0,85.0,118.0,1437.0,2023-04-25 21:17:13,1.4.3,4.0,Base classes to use when writing tests with Spark.,60.0,23,True,1.0,,,,,,33.0,33.0,,
18,akka-http,akka/akka-http,http,https://github.com/akka/akka-http,https://github.com/akka/akka-http,,2016-08-19 11:33:36,2023-06-07 12:11:02,2023-06-07 12:11:02,4378.0,20.0,593.0,77.0,2343.0,562.0,1367.0,1331.0,2023-05-05 09:13:49,10.5.2,57.0,The Streaming-first HTTP server/module of Akka.,351.0,23,False,2.0,,,,,,,,,
19,scalikejdbc,scalikejdbc/scalikejdbc,db-clients,https://github.com/scalikejdbc/scalikejdbc,https://github.com/scalikejdbc/scalikejdbc,Apache-2.0,2011-11-18 06:56:36,2023-06-08 06:57:43,2023-06-04 06:56:00,3195.0,43.0,221.0,61.0,1481.0,26.0,449.0,1243.0,2021-10-31 01:07:09,4.0.0,46.0,A tidy SQL-based DB access library for Scala developers. This library naturally wraps JDBC APIs and provides you easy-..,104.0,23,True,1.0,,,org.scalikejdbc:scalikejdbc_2.13,https://search.maven.org/artifact/org.scalikejdbc/scalikejdbc_2.13,,,,,
20,scalameta,scalameta/scalameta,toolkits,https://github.com/scalameta/scalameta,https://github.com/scalameta/scalameta,BSD-3-Clause,2014-06-16 23:00:32,2023-06-08 15:46:24,2023-06-08 15:46:24,7726.0,83.0,207.0,42.0,2010.0,142.0,1007.0,1044.0,2023-05-30 21:23:20,4.7.8,100.0,"Library to read, analyze, transform and generate Scala programs.",112.0,23,True,1.0,,,,,,,,,
21,airframe,wvlet/airframe,di,https://github.com/wvlet/airframe,https://github.com/wvlet/airframe,Apache-2.0,2016-08-14 07:00:12,2023-06-07 21:34:25,2023-06-07 21:34:24,3991.0,208.0,58.0,21.0,2448.0,95.0,457.0,603.0,2023-06-07 13:57:33,23.5.7,96.0,Essential Building Blocks for Scala.,43.0,23,True,1.0,,,,,,,,,
22,finatra,twitter/finatra,web-frameworks,https://github.com/twitter/finatra,https://github.com/twitter/finatra,Apache-2.0,2012-02-16 23:55:29,2023-05-25 14:50:18,2023-05-09 19:18:19,2645.0,4.0,400.0,216.0,265.0,12.0,309.0,2258.0,2022-12-26 14:40:15,finatra-22.12.0,92.0,"Fast, testable, Scala services built on TwitterServer and Finagle.",251.0,22,True,1.0,,,,,,,,,
23,refined,fthomas/refined,toolkits,https://github.com/fthomas/refined,https://github.com/fthomas/refined,MIT,2015-05-10 16:23:16,2023-06-07 03:52:09,2023-06-07 03:52:09,3055.0,60.0,147.0,28.0,981.0,61.0,148.0,1617.0,2023-03-22 07:06:48,0.10.3,67.0,Refinement types for Scala.,76.0,22,True,2.0,,,,,,,,,
24,finch,finagle/finch,http,https://github.com/finagle/finch,https://github.com/finagle/finch,Apache-2.0,2014-04-15 12:17:44,2023-06-06 17:03:33,2023-06-06 17:03:33,2260.0,25.0,220.0,62.0,1207.0,38.0,367.0,1596.0,2022-09-16 18:19:38,0.34.0,61.0,Scala combinator library for building Finagle HTTP services.,128.0,22,True,2.0,,,,,,,,,
25,sbt-native-packager,sbt/sbt-native-packager,sbt,https://github.com/sbt/sbt-native-packager,https://github.com/sbt/sbt-native-packager,BSD-2-Clause,2011-12-20 02:04:49,2023-05-30 12:45:52,2023-04-08 15:47:22,1692.0,1.0,428.0,58.0,750.0,129.0,649.0,1568.0,2023-02-20 17:55:37,1.9.16,100.0,sbt Native Packager.,268.0,22,True,1.0,,,,,,,,,
26,skunk,tpolecat/skunk,db-clients,https://github.com/typelevel/skunk,https://github.com/typelevel/skunk,MIT,2018-09-21 06:46:41,2023-06-07 21:00:18,2023-05-31 11:09:21,1560.0,142.0,138.0,32.0,770.0,64.0,58.0,1459.0,2023-05-31 12:01:22,0.6.0,26.0,A data access library for Scala + Postgres.,65.0,22,True,1.0,,,,,,,,typelevel/skunk,
27,scalajs-react,japgolly/scalajs-react,web-frameworks,https://github.com/japgolly/scalajs-react,https://github.com/japgolly/scalajs-react,Apache-2.0,2014-07-03 09:58:42,2023-05-28 01:36:14,2023-05-28 01:36:13,3194.0,4.0,230.0,66.0,553.0,24.0,507.0,1618.0,2022-04-26 04:07:04,2.1.1,65.0,Facebooks React on Scala.JS.,80.0,21,True,2.0,,,,,,,,,
28,framework,lift/framework,web-frameworks,https://github.com/lift/framework,https://github.com/lift/framework,Apache-2.0,2011-01-26 13:25:28,2023-04-11 14:56:45,2023-04-11 14:56:45,3932.0,1.0,270.0,104.0,530.0,142.0,1324.0,1265.0,2021-10-08 15:12:09,3.5.0-release,52.0,Lift Framework.,118.0,21,True,2.0,,,,,,,,,
29,scalatest,scalatest/scalatest,test,https://github.com/scalatest/scalatest,https://github.com/scalatest/scalatest,Apache-2.0,2013-04-07 21:55:49,2023-06-06 01:52:52,2022-12-29 04:21:04,6342.0,,322.0,56.0,1486.0,427.0,327.0,1097.0,2023-05-15 13:46:58,release-3.2.16,38.0,A testing tool for Scala and Java developers.,59.0,21,True,2.0,,,,,,,,,
30,slick-pg,tminglei/slick-pg,db-clients,https://github.com/tminglei/slick-pg,https://github.com/tminglei/slick-pg,BSD-2-Clause,2013-05-09 15:57:40,2023-06-05 10:08:14,2023-06-05 10:08:14,1154.0,42.0,171.0,22.0,267.0,109.0,267.0,827.0,2022-12-08 23:15:05,0.21.1,89.0,Slick extensions for PostgreSQL.,92.0,21,True,2.0,,,,,,,,,
31,jsoniter-scala,plokhotnyuk/jsoniter-scala,json,https://github.com/plokhotnyuk/jsoniter-scala,https://github.com/plokhotnyuk/jsoniter-scala,MIT,2017-09-26 14:47:09,2023-06-07 06:55:15,2023-06-07 06:55:11,4313.0,120.0,80.0,21.0,758.0,51.0,223.0,649.0,2023-05-24 18:46:34,2.23.1,100.0,Scala macros for compile-time generation of safe and ultra-fast JSON codecs.,18.0,21,True,1.0,,,,,,1.0,1.0,,
32,izumi,7mind/izumi,di,https://github.com/7mind/izumi,https://github.com/7mind/izumi,BSD-2-Clause,2017-11-03 10:39:42,2023-06-08 12:25:19,2023-05-23 21:40:52,4286.0,63.0,54.0,20.0,1468.0,54.0,382.0,566.0,2023-05-22 23:19:14,1.1.0-M23,70.0,Productivity-oriented collection of lightweight fancy stuff for Scala toolchain.,31.0,21,True,2.0,,,,,,,,,
33,mima,lightbend/mima,sbt,https://github.com/lightbend/mima,https://github.com/lightbend/mima,Apache-2.0,2012-05-24 14:08:57,2023-06-06 18:47:15,2023-06-02 22:07:44,1460.0,34.0,61.0,23.0,545.0,25.0,185.0,434.0,2023-03-29 14:01:18,1.1.2,31.0,A tool for catching binary incompatibility in Scala.,47.0,21,True,1.0,,,,,,,,,
34,scanamo,scanamo/scanamo,db-clients,https://github.com/scanamo/scanamo,https://github.com/scanamo/scanamo,Apache-2.0,2016-02-01 10:58:52,2023-06-07 13:12:30,2023-05-22 11:48:12,2067.0,19.0,122.0,37.0,1461.0,47.0,152.0,315.0,2023-05-04 17:45:11,1.0.0-M25,14.0,Simpler DynamoDB access for Scala.,83.0,21,True,2.0,,,,,,,,,
35,scalaz,scalaz/scalaz,toolkits,https://github.com/scalaz/scalaz,https://github.com/scalaz/scalaz,,2010-01-16 06:18:51,2023-06-08 08:03:23,2023-06-07 06:37:01,7254.0,30.0,687.0,212.0,1995.0,126.0,422.0,4619.0,,,,Principled Functional Programming in Scala.,248.0,20,False,2.0,,,,,,,,,
36,util,twitter/util,toolkits,https://github.com/twitter/util,https://github.com/twitter/util,Apache-2.0,2011-03-26 01:23:21,2023-05-18 15:14:24,2023-05-09 19:17:38,3118.0,2.0,559.0,229.0,195.0,4.0,111.0,2650.0,2022-12-26 14:38:56,util-22.12.0,81.0,Wonderful reusable code from Twitter.,317.0,20,True,2.0,,,,,,,,,
37,quill,zio/zio-quill,db-clients,https://github.com/zio/zio-quill,https://github.com/zio/zio-quill,Apache-2.0,2015-07-20 22:15:04,2023-06-07 07:41:50,2023-06-07 07:41:50,3379.0,39.0,340.0,69.0,1752.0,307.0,709.0,2125.0,,,,Compile-time Language Integrated Queries for Scala.,136.0,20,True,2.0,,,,,,,,,['zio']
38,sbt-assembly,sbt/sbt-assembly,sbt,https://github.com/sbt/sbt-assembly,https://github.com/sbt/sbt-assembly,MIT,2011-06-10 05:30:27,2023-06-04 14:45:08,2023-06-04 14:45:08,620.0,2.0,215.0,57.0,156.0,99.0,242.0,1904.0,2023-02-12 06:44:54,2.1.1,16.0,Deploy ber-JARs. Restart processes. (port of codahale/assembly-sbt).,78.0,20,True,1.0,,,,,,,,,
39,Binding.scala,ThoughtWorksInc/Binding.scala,web-frameworks,https://github.com/ThoughtWorksInc/Binding.scala,https://github.com/ThoughtWorksInc/Binding.scala,MIT,2016-01-06 15:28:52,2023-06-01 03:12:57,2023-04-30 08:09:01,1569.0,6.0,102.0,118.0,402.0,38.0,63.0,1574.0,2023-01-26 04:19:51,12.2.0,82.0,Reactive data-binding for Scala.,25.0,20,True,2.0,,,,,,,,,
40,json4s,json4s/json4s,json,https://github.com/json4s/json4s,https://github.com/json4s/json4s,Apache-2.0,2012-08-23 23:18:46,2023-06-08 06:42:44,2023-06-08 05:32:48,1748.0,39.0,321.0,65.0,912.0,145.0,253.0,1447.0,,,,JSON library.,126.0,20,True,2.0,,,,,,,,,
41,phantom,outworkers/phantom,db-clients,https://github.com/outworkers/phantom,https://github.com/outworkers/phantom,Apache-2.0,2013-11-19 00:08:32,2023-04-05 09:14:46,2021-08-16 22:07:29,1120.0,,182.0,75.0,512.0,19.0,403.0,1047.0,2020-08-10 21:50:24,2.59.0,53.0,"Schema safe, type-safe, reactive Scala driver for Cassandra/Datastax Enterprise.",51.0,20,False,2.0,,,,,,,,,
42,spray-json,spray/spray-json,json,https://github.com/spray/spray-json,https://github.com/spray/spray-json,Apache-2.0,2011-05-06 21:31:38,2022-09-15 12:08:33,2021-12-09 19:21:31,331.0,,186.0,37.0,154.0,82.0,116.0,971.0,2020-11-11 13:05:44,1.3.6,3.0,"A lightweight, clean and simple JSON implementation in Scala.",48.0,20,True,2.0,,,io.spray:spray-json_2.13,https://search.maven.org/artifact/io.spray/spray-json_2.13,,144.0,144.0,,
43,scrimage,sksamuel/scrimage,media,https://github.com/sksamuel/scrimage,https://github.com/sksamuel/scrimage,Apache-2.0,2013-06-03 16:40:25,2023-05-06 17:18:38,2023-05-06 17:18:37,1283.0,5.0,131.0,46.0,80.0,6.0,181.0,959.0,2023-03-26 00:17:29,4.0.34,23.0,"Java, Scala and Kotlin image processing library.",53.0,20,True,1.0,,,,,,,,,
44,ReactiveMongo,ReactiveMongo/ReactiveMongo,db-clients,https://github.com/ReactiveMongo/ReactiveMongo,https://github.com/ReactiveMongo/ReactiveMongo,Apache-2.0,2012-07-20 14:24:46,2023-06-06 21:47:32,2023-06-06 20:33:45,1326.0,13.0,223.0,56.0,841.0,14.0,364.0,841.0,2020-01-03 02:08:23,0.20.0,1.0,"Non-blocking, Reactive MongoDB Driver for Scala.",87.0,20,True,2.0,,,,,,,,,
45,udash-core,UdashFramework/udash-core,web-frameworks,https://github.com/UdashFramework/udash-core,https://github.com/UdashFramework/udash-core,Apache-2.0,2016-02-25 09:35:23,2023-05-25 13:31:44,2023-05-09 14:08:54,3270.0,37.0,35.0,21.0,988.0,27.0,87.0,440.0,2023-03-20 16:09:29,0.9.0,16.0,Scala framework for building beautiful and maintainable web applications.,37.0,20,True,2.0,,,,,,,,,
46,endpoints4s,endpoints4s/endpoints4s,http,https://github.com/endpoints4s/endpoints4s,https://github.com/endpoints4s/endpoints4s,MIT,2016-04-25 12:48:00,2023-06-08 17:21:31,2023-06-06 21:41:18,1535.0,23.0,90.0,13.0,985.0,27.0,167.0,398.0,2023-05-18 07:15:05,1.10.0,29.0,"Describe HTTP endpoints in Scala and derive clients, servers, and documentation.",59.0,20,True,2.0,,,,,,,,,
47,play-json,playframework/play-json,json,https://github.com/playframework/play-json,https://github.com/playframework/play-json,Apache-2.0,2016-12-06 03:45:35,2023-06-05 13:40:42,2023-06-05 13:40:42,1220.0,76.0,129.0,20.0,779.0,38.0,75.0,347.0,2023-01-24 07:38:59,2.9.4,12.0,The Play JSON library.,64.0,20,True,2.0,,,,,,,,,['play']
48,sbt-microsites,47degrees/sbt-microsites,sbt,https://github.com/47degrees/sbt-microsites,https://github.com/47degrees/sbt-microsites,Apache-2.0,2016-09-05 23:33:02,2023-06-05 07:52:42,2023-06-05 07:52:40,1233.0,11.0,61.0,46.0,615.0,18.0,121.0,315.0,2023-03-28 17:15:43,1.4.3,78.0,An sbt plugin to create awesome microsites for your project.,71.0,20,True,1.0,,,,,,,,,
49,macwire,softwaremill/macwire,di,https://github.com/softwaremill/macwire,https://github.com/softwaremill/macwire,Apache-2.0,2013-03-17 13:20:04,2023-06-08 00:27:38,2023-06-08 00:27:14,729.0,16.0,69.0,63.0,169.0,52.0,69.0,1223.0,2022-08-23 07:40:39,2.5.8,16.0,Lightweight and Nonintrusive Scala Dependency Injection Library.,40.0,19,True,2.0,,,,,,,,,
50,colossus,tumblr/colossus,web-frameworks,https://github.com/tumblr/colossus,https://github.com/tumblr/colossus,Apache-2.0,2014-11-11 16:06:06,2021-08-14 08:40:07,2018-11-08 17:52:05,1325.0,,96.0,77.0,411.0,3.0,270.0,1147.0,2018-01-24 17:31:20,0.11.0,32.0,I/O and Microservice library for Scala.,28.0,19,False,2.0,,,,,,,,,
51,quicklens,softwaremill/quicklens,toolkits,https://github.com/softwaremill/quicklens,https://github.com/softwaremill/quicklens,Apache-2.0,2015-02-28 12:32:34,2023-06-08 00:14:46,2023-06-08 00:14:15,423.0,36.0,48.0,46.0,125.0,17.0,27.0,772.0,2023-05-11 20:20:56,1.9.4,25.0,Modify deeply nested case class fields.,25.0,19,True,2.0,,,,,,,,,
52,specs2,etorreborre/specs2,test,https://github.com/etorreborre/specs2,https://github.com/etorreborre/specs2,,2010-09-03 01:55:10,2023-06-08 17:28:13,2023-06-04 20:55:47,4677.0,20.0,203.0,29.0,514.0,2.0,642.0,732.0,2023-04-12 08:07:42,SPECS2-4.20.0,61.0,Software Specifications for Scala.,90.0,19,False,2.0,,,,,,,,,
53,sbt-eclipse,sbt/sbt-eclipse,sbt,https://github.com/sbt/sbt-eclipse,https://github.com/sbt/sbt-eclipse,Apache-2.0,2011-06-04 00:39:57,2023-05-25 07:46:16,2023-05-18 16:54:49,402.0,4.0,168.0,50.0,139.0,76.0,203.0,721.0,2022-09-23 14:15:14,6.0.0,2.0,Plugin for sbt to create Eclipse project definitions.,39.0,19,True,2.0,,,,,,,,,
54,sbt-scoverage,scoverage/sbt-scoverage,sbt,https://github.com/scoverage/sbt-scoverage,https://github.com/scoverage/sbt-scoverage,Apache-2.0,2014-05-16 00:58:21,2023-06-03 10:24:38,2023-06-03 10:23:28,734.0,7.0,148.0,28.0,235.0,35.0,219.0,623.0,2023-06-03 10:52:35,2.0.8,36.0,sbt plugin for scoverage.,71.0,19,True,2.0,,,,,,,,,
55,eff,atnos-org/eff,toolkits,https://github.com/atnos-org/eff,https://github.com/atnos-org/eff,MIT,2016-01-04 22:34:26,2023-06-06 13:41:11,2023-06-06 13:41:10,1103.0,36.0,79.0,20.0,558.0,3.0,63.0,556.0,2023-04-18 02:42:57,6.0.3,71.0,Eff monad for cats - https://atnos-org.github.io/eff.,38.0,19,True,2.0,,,,,,,,,
56,jackson-module-scala,FasterXML/jackson-module-scala,json,https://github.com/FasterXML/jackson-module-scala,https://github.com/FasterXML/jackson-module-scala,Apache-2.0,2010-11-29 23:01:08,2023-05-31 19:00:38,2023-05-24 20:58:12,1673.0,47.0,135.0,27.0,184.0,45.0,412.0,487.0,,,,Add-on module for Jackson (https://github.com/FasterXML/jackson) to support Scala-specific datatypes.,59.0,19,True,2.0,,,,,,,,,
57,scribe,outr/scribe,toolkits,https://github.com/outr/scribe,https://github.com/outr/scribe,MIT,2016-01-26 15:49:14,2023-06-08 01:42:28,2023-06-08 01:42:27,1259.0,77.0,35.0,8.0,318.0,16.0,130.0,466.0,2023-05-25 16:30:01,3.11.5,36.0,The fastest logging library in the world. Built from scratch in Scala and programmatically configurable.,17.0,19,True,2.0,,,,,,,,,
58,jawn,typelevel/jawn,json,https://github.com/typelevel/jawn,https://github.com/typelevel/jawn,,2012-10-01 02:04:45,2023-06-07 20:37:58,2023-06-05 22:23:24,1213.0,55.0,67.0,21.0,478.0,12.0,56.0,426.0,2023-05-31 20:41:49,1.5.0,21.0,Jawn is for parsing jay-sawn (JSON).,45.0,19,False,2.0,,,,,2.0,,,,
59,zio-json,zio/zio-json,json,https://github.com/zio/zio-json,https://github.com/zio/zio-json,Apache-2.0,2020-07-03 16:46:04,2023-06-07 16:11:37,2023-06-07 16:11:37,549.0,29.0,112.0,23.0,815.0,62.0,80.0,380.0,2023-03-18 14:43:34,0.5.0,29.0,"Fast, secure JSON library with tight ZIO integration.",53.0,19,True,2.0,,,,,,,,,['zio']
60,laika,planet42/Laika,csv-yaml,https://github.com/typelevel/Laika,https://github.com/typelevel/Laika,Apache-2.0,2012-12-22 14:53:32,2023-06-07 12:11:10,2023-06-06 14:04:14,3576.0,39.0,39.0,12.0,187.0,7.0,203.0,377.0,2023-04-29 18:49:32,0.19.1,27.0,"Site and E-book Generator and Customizable Text Markup Transformer for sbt, Scala and Scala.js.",18.0,19,True,1.0,,,,,,,,typelevel/Laika,
61,mdoc,scalameta/mdoc,sbt,https://github.com/scalameta/mdoc,https://github.com/scalameta/mdoc,Apache-2.0,2017-10-23 07:00:47,2023-06-02 00:39:19,2023-05-29 01:06:10,1244.0,18.0,68.0,11.0,582.0,47.0,143.0,367.0,2023-02-07 19:04:02,2.3.7,64.0,Typechecked markdown documentation for Scala.,43.0,19,True,2.0,,,,,,,,,
62,cornichon,agourlay/cornichon,test,https://github.com/agourlay/cornichon,https://github.com/agourlay/cornichon,Apache-2.0,2015-07-27 09:14:49,2023-06-08 12:39:41,2023-06-08 12:39:41,3155.0,46.0,28.0,12.0,620.0,25.0,129.0,224.0,2023-03-17 08:47:06,0.20.7,72.0,Scala DSL for testing HTTP JSON API.,18.0,19,True,2.0,,,,,,,,,
63,stryker4s,stryker-mutator/stryker4s,test,https://github.com/stryker-mutator/stryker4s,https://github.com/stryker-mutator/stryker4s,Apache-2.0,2018-06-20 14:14:40,2023-06-07 15:02:42,2023-06-07 15:02:41,1243.0,47.0,28.0,8.0,1201.0,33.0,121.0,177.0,2022-01-03 16:34:16,0.14.3,38.0,Mutation testing for Scala.,29.0,19,True,2.0,,,,,,,,,
64,scalatra,scalatra/scalatra,web-frameworks,https://github.com/scalatra/scalatra,https://github.com/scalatra/scalatra,,2009-05-31 09:20:32,2023-06-07 13:09:17,2023-06-07 13:07:40,3930.0,28.0,326.0,84.0,1097.0,62.0,368.0,2600.0,,,,"Tiny Scala high-performance, async web framework, inspired by Sinatra.",134.0,18,False,3.0,,,,,,,,,
65,async,scala/scala-async,toolkits,https://github.com/scala/scala-async,https://github.com/scala/scala-async,Apache-2.0,2013-04-01 22:22:27,2023-06-03 05:40:27,2023-06-03 05:40:27,743.0,6.0,82.0,58.0,232.0,13.0,75.0,1136.0,2021-09-09 21:50:20,1.0.1,21.0,An asynchronous programming facility for Scala.,28.0,18,True,2.0,,,,,,,,,
66,chimney,scalalandio/chimney,toolkits,https://github.com/scalalandio/chimney,https://github.com/scalalandio/chimney,Apache-2.0,2017-05-23 11:24:09,2023-06-07 00:37:55,2023-05-18 14:44:20,412.0,17.0,69.0,20.0,170.0,47.0,103.0,980.0,2023-05-18 14:59:14,0.7.5,16.0,"Scala library for boilerplate-free, type-safe data transformations.",24.0,18,True,2.0,,,,,,,,,
67,skinny-framework,skinny-framework/skinny-framework,web-frameworks,https://github.com/skinny-framework/skinny-framework,https://github.com/skinny-framework/skinny-framework,MIT,2013-09-24 07:39:24,2022-12-14 08:22:49,2022-12-14 08:22:22,1996.0,,69.0,46.0,287.0,20.0,134.0,739.0,2022-12-14 08:24:58,4.0.1,100.0,Scala on Rails - A full-stack web app framework for rapid development in Scala.,32.0,18,True,3.0,12027.0,111.0,,,,,,,
68,sbt-release,sbt/sbt-release,sbt,https://github.com/sbt/sbt-release,https://github.com/sbt/sbt-release,Apache-2.0,2011-10-15 19:00:45,2023-06-02 11:01:14,2023-06-02 11:01:13,512.0,8.0,155.0,28.0,202.0,71.0,98.0,624.0,2021-06-24 14:27:49,1.1.0,4.0,A release plugin for sbt.,64.0,18,True,2.0,,,,,,,,,
69,korolev,fomkin/korolev,web-frameworks,https://github.com/fomkin/korolev,https://github.com/fomkin/korolev,Apache-2.0,2016-08-10 16:19:56,2023-05-31 22:46:09,2023-01-23 08:26:20,663.0,,48.0,22.0,222.0,12.0,222.0,578.0,2022-08-16 08:04:00,1.5.0,35.0,Single Page Applications running on the server side.,25.0,18,True,3.0,,,,,,,,,
70,scalamock,paulbutcher/scalamock,test,https://github.com/paulbutcher/ScalaMock,https://github.com/paulbutcher/ScalaMock,MIT,2011-10-24 21:32:02,2023-05-25 04:18:02,2023-04-28 07:19:44,794.0,8.0,90.0,21.0,262.0,22.0,195.0,487.0,2021-12-25 20:07:28,5.2.0,13.0,Native Scala mocking framework.,33.0,18,True,3.0,,,,,,,,,
71,scala-guice,codingwell/scala-guice,di,https://github.com/codingwell/scala-guice,https://github.com/codingwell/scala-guice,Apache-2.0,2012-03-17 06:02:25,2023-05-13 19:14:00,2023-05-13 19:14:00,278.0,10.0,45.0,14.0,44.0,11.0,49.0,340.0,2023-03-12 18:12:58,5.1.1,8.0,Scala extensions for Google Guice.,26.0,18,True,3.0,,,,,,,,,
72,scalaxb,eed3si9n/scalaxb,http,https://github.com/eed3si9n/scalaxb,https://github.com/eed3si9n/scalaxb,MIT,2010-02-05 05:50:50,2023-03-27 15:24:26,2023-03-12 07:51:00,1279.0,1.0,148.0,23.0,171.0,150.0,281.0,327.0,2023-02-26 19:01:37,1.11.0,19.0,scalaxb is an XML data binding tool for Scala.,67.0,18,True,2.0,,,,,-2.0,,,,
73,sbt-sonatype,xerial/sbt-sonatype,sbt,https://github.com/xerial/sbt-sonatype,https://github.com/xerial/sbt-sonatype,Apache-2.0,2014-01-20 16:13:49,2023-06-07 16:14:14,2023-06-07 16:14:13,665.0,19.0,49.0,14.0,311.0,9.0,86.0,310.0,2023-05-16 17:40:36,3.9.21,8.0,A sbt plugin for publishing Scala/Java projects to the Maven central.,28.0,18,True,2.0,,,,,,,,,
74,diffson,gnieh/diffson,json,https://github.com/gnieh/diffson,https://github.com/gnieh/diffson,Apache-2.0,2013-08-30 15:50:35,2023-06-06 17:17:25,2023-05-06 08:47:33,477.0,21.0,47.0,12.0,306.0,5.0,43.0,296.0,2023-03-03 08:34:40,4.4.0,14.0,A scala diff/patch library for Json.,31.0,18,True,3.0,,,,,,,,,
75,sbt-ci-release,sbt/sbt-ci-release,sbt,https://github.com/sbt/sbt-ci-release,https://github.com/sbt/sbt-ci-release,Apache-2.0,2018-06-10 21:45:29,2023-06-03 07:37:04,2023-06-03 07:37:04,438.0,28.0,64.0,11.0,205.0,1.0,67.0,260.0,2023-05-02 15:21:16,1.5.12,24.0,sbt plugin to automate Sonatype releases from GitHub Actions.,54.0,18,True,2.0,,,,,,,,,
76,play-ws,playframework/play-ws,http,https://github.com/playframework/play-ws,https://github.com/playframework/play-ws,Apache-2.0,2016-12-07 23:00:14,2023-06-05 13:26:21,2023-06-05 13:26:20,952.0,55.0,82.0,16.0,627.0,69.0,74.0,214.0,2022-05-19 22:20:30,2.1.10,12.0,"Standalone Play WS, an async HTTP client with fluent API.",47.0,18,True,2.0,,,,,,,,,['play']
77,neotypes,neotypes/neotypes,db-clients,https://github.com/neotypes/neotypes,https://github.com/neotypes/neotypes,MIT,2018-11-11 19:33:08,2023-06-06 22:29:51,2023-06-06 22:28:16,1087.0,91.0,31.0,6.0,574.0,11.0,47.0,153.0,2023-06-04 20:33:02,0.23.3,15.0,"Scala lightweight, type-safe, asynchronous driver for neo4j.",14.0,18,True,2.0,,,,,,,,,
78,zio-redis,zio/zio-redis,db-clients,https://github.com/zio/zio-redis,https://github.com/zio/zio-redis,Apache-2.0,2020-01-07 16:12:24,2023-06-07 14:44:54,2023-06-07 07:45:46,559.0,69.0,59.0,15.0,726.0,14.0,105.0,103.0,2023-03-28 12:22:41,0.2.0,2.0,A ZIO-based redis client.,36.0,18,True,2.0,,,,,,,,,['zio']
79,better-files,pathikrit/better-files,toolkits,https://github.com/pathikrit/better-files,https://github.com/pathikrit/better-files,MIT,2015-09-12 03:48:31,2023-06-04 22:56:43,2023-02-17 17:30:13,1085.0,,141.0,37.0,400.0,35.0,176.0,1455.0,,,,"Simple, safe and intuitive Scala I/O.",60.0,17,True,2.0,,,,,,,,,
80,cassovary,twitter/cassovary,toolkits,https://github.com/twitter/cassovary,https://github.com/twitter/cassovary,Apache-2.0,2012-02-21 23:22:30,2021-10-08 21:22:29,2021-10-08 21:22:23,503.0,,144.0,162.0,155.0,29.0,48.0,1044.0,2015-03-18 21:37:14,5.1.0,5.0,Cassovary is a simple big graph processing library for the JVM.,30.0,17,False,2.0,,,,,,,,,
81,sbt-jmh,sbt/sbt-jmh,sbt,https://github.com/sbt/sbt-jmh,https://github.com/sbt/sbt-jmh,Apache-2.0,2014-05-19 18:39:03,2023-06-08 06:32:00,2023-06-08 06:31:55,283.0,6.0,86.0,27.0,127.0,27.0,69.0,757.0,2021-05-13 02:58:31,0.4.2,4.0,"Trust no one, bench everything. - sbt plugin for JMH (Java Microbenchmark Harness).",50.0,17,True,2.0,,,,,2.0,,,,
82,sbt-docker,marcuslonnberg/sbt-docker,sbt,https://github.com/marcuslonnberg/sbt-docker,https://github.com/marcuslonnberg/sbt-docker,MIT,2014-01-12 19:43:03,2023-06-06 17:56:20,2023-03-06 13:38:43,374.0,,102.0,19.0,45.0,18.0,69.0,727.0,2023-03-06 13:38:15,1.10.0,8.0,Create Docker images directly from sbt.,26.0,17,True,2.0,,,,,,,,,
83,sbt-updates,rtimush/sbt-updates,sbt,https://github.com/rtimush/sbt-updates,https://github.com/rtimush/sbt-updates,BSD-3-Clause,2012-10-07 17:20:50,2023-05-31 23:59:19,2023-05-28 01:37:21,590.0,8.0,50.0,23.0,277.0,11.0,66.0,727.0,2022-05-30 08:03:01,0.6.3,24.0,sbt plugin that can check Maven and Ivy repositories for dependency updates.,29.0,17,True,2.0,,,,,,,,,
84,unfiltered,unfiltered/unfiltered,web-frameworks,https://github.com/unfiltered/unfiltered,https://github.com/unfiltered/unfiltered,MIT,2010-05-19 04:00:57,2023-06-08 16:06:40,2023-06-02 11:28:49,2817.0,19.0,106.0,26.0,884.0,41.0,146.0,709.0,,,,A toolkit for servicing HTTP requests in Scala.,87.0,17,True,3.0,,,,,,,,,
85,freestyle,frees-io/freestyle,toolkits,https://github.com/frees-io/freestyle,https://github.com/frees-io/freestyle,Apache-2.0,2016-10-19 22:31:44,2019-08-13 06:52:17,2019-08-13 06:52:16,526.0,,52.0,44.0,321.0,35.0,211.0,615.0,2018-06-07 10:17:38,0.8.2,24.0,A cohesive & pragmatic framework of FP centric Scala libraries.,43.0,17,False,2.0,,,,,,,,,
86,argonaut,argonaut-io/argonaut,json,https://github.com/argonaut-io/argonaut,https://github.com/argonaut-io/argonaut,,2012-12-09 12:11:48,2023-06-08 00:38:21,2023-06-07 01:53:57,1605.0,26.0,95.0,26.0,554.0,27.0,168.0,543.0,2017-12-29 16:29:13,6.2.1,1.0,Purely functional JSON parser and library in scala.,59.0,17,False,3.0,,,io.argonaut:argonaut_2.13,https://search.maven.org/artifact/io.argonaut/argonaut_2.13,,,,,
87,sbt-buildinfo,sbt/sbt-buildinfo,sbt,https://github.com/sbt/sbt-buildinfo,https://github.com/sbt/sbt-buildinfo,MIT,2012-03-03 14:47:30,2023-04-28 15:06:52,2023-04-28 15:06:52,316.0,5.0,86.0,22.0,94.0,15.0,87.0,535.0,2022-02-17 05:57:05,0.11.0,5.0,I know this because build.sbt knows this.,48.0,17,True,2.0,,,,,,,,,
88,cask,com-lihaoyi/cask,web-frameworks,https://github.com/com-lihaoyi/cask,https://github.com/com-lihaoyi/cask,,2018-07-20 00:48:20,2023-06-07 18:52:08,2023-06-07 18:52:08,295.0,10.0,45.0,12.0,46.0,7.0,34.0,452.0,2023-04-04 05:06:56,0.9.1,77.0,Cask: a Scala HTTP micro-framework.,14.0,17,False,3.0,20296.0,349.0,,,,,,,
89,munit,scalameta/munit,test,https://github.com/scalameta/munit,https://github.com/scalameta/munit,Apache-2.0,2020-01-03 00:01:20,2023-06-05 17:00:12,2023-06-05 16:51:02,885.0,16.0,70.0,16.0,531.0,35.0,92.0,372.0,2022-11-18 02:10:05,1.0.0-M7,39.0,Scala testing library with actionable errors and extensible APIs.,43.0,17,True,3.0,,,,,,,,,
90,Dsl.scala,ThoughtWorksInc/Dsl.scala,toolkits,https://github.com/ThoughtWorksInc/Dsl.scala,https://github.com/ThoughtWorksInc/Dsl.scala,Apache-2.0,2017-10-14 01:21:02,2023-06-01 03:13:43,2023-05-10 05:22:04,1754.0,4.0,29.0,29.0,647.0,6.0,18.0,255.0,2023-01-26 02:47:03,2.0.0,17.0,A framework to create embedded Domain-Specific Languages in Scala.,5.0,17,True,2.0,,,,,,,,,
91,each,ThoughtWorksInc/each,toolkits,https://github.com/ThoughtWorksInc/each,https://github.com/ThoughtWorksInc/each,Apache-2.0,2015-05-05 07:27:00,2023-06-03 05:25:07,2023-02-03 06:45:06,739.0,,26.0,30.0,118.0,4.0,28.0,252.0,2023-02-03 06:24:22,3.3.2,3.0,A macro library that converts native imperative syntax to scalazs monadic expressions.,15.0,17,True,2.0,,,,,,,,,
92,anorm,playframework/anorm,db-clients,https://github.com/playframework/anorm,https://github.com/playframework/anorm,Apache-2.0,2014-12-05 03:05:14,2023-06-05 09:51:48,2023-06-05 09:51:47,703.0,11.0,69.0,17.0,490.0,6.0,59.0,226.0,2022-09-29 14:17:35,2.7.0,3.0,The Anorm database library.,54.0,17,True,2.0,,,,,,,,,['play']
93,pulsar4s,CleverCloud/pulsar4s,db-clients,https://github.com/CleverCloud/pulsar4s,https://github.com/CleverCloud/pulsar4s,Apache-2.0,2018-01-04 06:29:12,2023-06-06 22:46:10,2023-01-08 02:27:21,711.0,,39.0,12.0,472.0,18.0,42.0,216.0,2023-01-08 02:29:27,2.9.0,5.0,"Idiomatic, typesafe, and reactive Scala client for Apache Pulsar.",23.0,17,True,2.0,,,,,,,,,
94,sbt-header,sbt/sbt-header,sbt,https://github.com/sbt/sbt-header,https://github.com/sbt/sbt-header,Apache-2.0,2015-02-05 16:25:45,2023-06-07 11:27:38,2023-06-07 08:14:12,320.0,3.0,52.0,10.0,227.0,10.0,77.0,191.0,2023-06-07 11:27:41,5.10.0,24.0,"sbt-header is an sbt plugin for creating file headers, e.g. copyright headers.",38.0,17,True,2.0,,,,,,,,,
95,couchbase-jvm-clients,couchbase/couchbase-jvm-clients,db-clients,https://github.com/couchbase/couchbase-jvm-clients,https://github.com/couchbase/couchbase-jvm-clients,Apache-2.0,2018-10-01 16:44:58,2023-06-08 16:39:27,2023-06-08 16:39:24,2371.0,118.0,34.0,10.0,24.0,,,38.0,,,,"The Couchbase Monorepo for JVM Clients: Java, Scala, io-core.",19.0,17,True,2.0,,,,,,143.0,143.0,,
96,enumeratum,lloydmeta/enumeratum,toolkits,https://github.com/lloydmeta/enumeratum,https://github.com/lloydmeta/enumeratum,MIT,2014-12-05 10:49:34,2023-03-25 04:13:11,2023-03-25 04:12:35,537.0,2.0,137.0,26.0,245.0,23.0,94.0,1147.0,2023-03-25 04:13:54,enumeratum-slick-1.7.3,70.0,"A type-safe, reflection-free, powerful enumeration implementation for Scala with exhaustive pattern match warnings and..",86.0,16,True,3.0,,,,,,,,,
97,scala-logging,lightbend-labs/scala-logging,toolkits,https://github.com/lightbend-labs/scala-logging,https://github.com/lightbend-labs/scala-logging,Apache-2.0,2013-07-16 20:24:15,2023-05-31 19:39:25,2023-05-29 18:47:07,323.0,2.0,128.0,28.0,273.0,26.0,96.0,890.0,2021-07-12 14:31:00,3.9.4,5.0,Convenient and performant logging library for Scala wrapping SLF4J.,45.0,16,True,3.0,,,,,,,,,
98,nscala-time,nscala-time/nscala-time,toolkits,https://github.com/nscala-time/nscala-time,https://github.com/nscala-time/nscala-time,Apache-2.0,2012-12-06 09:39:55,2023-06-08 03:28:26,2023-06-08 03:28:25,634.0,15.0,81.0,27.0,236.0,6.0,49.0,872.0,,,,A new Scala wrapper for Joda Time based on scala-time.,23.0,16,True,3.0,,,,,,,,,
99,rediscala,etaty/rediscala,db-clients,https://github.com/etaty/rediscala,https://github.com/etaty/rediscala,Apache-2.0,2013-04-15 13:49:16,2021-06-06 04:14:22,2019-10-17 08:36:11,414.0,,134.0,39.0,98.0,68.0,83.0,794.0,2019-06-23 15:29:14,1.9.0,13.0,"Non-blocking, Reactive Redis driver for Scala (with Sentinel support).",31.0,16,False,2.0,,,,,,,,,
100,squeryl,squeryl/squeryl,db-clients,https://github.com/squeryl/squeryl,https://github.com/squeryl/squeryl,Apache-2.0,2010-01-30 16:07:07,2023-06-03 21:56:54,2023-06-03 21:56:54,1076.0,24.0,128.0,28.0,319.0,23.0,112.0,581.0,,,,A Scala DSL for talking with databases with minimum verbosity and maximum type safety.,60.0,16,True,2.0,,,,,,,,,
101,testcontainers-scala,testcontainers/testcontainers-scala,test,https://github.com/testcontainers/testcontainers-scala,https://github.com/testcontainers/testcontainers-scala,MIT,2017-01-16 08:12:30,2023-06-08 13:28:16,2023-06-08 13:28:16,650.0,17.0,113.0,19.0,154.0,30.0,68.0,580.0,2019-06-23 16:51:16,0.27.0,1.0,Docker containers for testing in scala.,76.0,16,True,3.0,,,,,,,,,
102,scala-graph,scala-graph/scala-graph,toolkits,https://github.com/scala-graph/scala-graph,https://github.com/scala-graph/scala-graph,Apache-2.0,2013-01-29 16:21:11,2023-06-05 03:04:11,2023-05-29 11:50:39,678.0,25.0,69.0,30.0,159.0,8.0,107.0,550.0,2022-05-28 07:23:56,1.13.5,1.0,Graph for Scala is intended to provide basic graph functionality seamlessly fitting into the Scala Collection Library...,18.0,16,True,3.0,,,,,,,,,
103,xitrum,xitrum-framework/xitrum,web-frameworks,https://github.com/xitrum-framework/xitrum,https://github.com/xitrum-framework/xitrum,MIT,2010-07-19 22:58:50,2023-02-28 06:06:49,2023-02-28 06:06:46,2082.0,,51.0,38.0,36.0,56.0,600.0,449.0,,,,Async and clustered Scala web framework and HTTP(S) server.,31.0,16,True,3.0,,,,,,,,,
104,xsbt-web-plugin,earldouglas/xsbt-web-plugin,sbt,https://github.com/earldouglas/xsbt-web-plugin,https://github.com/earldouglas/xsbt-web-plugin,BSD-3-Clause,2011-04-24 10:27:46,2023-06-04 21:34:27,2023-06-04 14:44:41,976.0,29.0,98.0,18.0,526.0,11.0,247.0,384.0,,,,Servlet support for sbt.,33.0,16,True,3.0,,,,,,,,,
105,weaver-test,disneystreaming/weaver-test,test,https://github.com/disneystreaming/weaver-test,https://github.com/disneystreaming/weaver-test,,2020-04-24 17:21:55,2023-06-08 16:27:31,2023-06-06 07:26:04,643.0,9.0,45.0,10.0,566.0,28.0,67.0,378.0,2023-04-14 16:20:16,0.8.3,36.0,A test framework that runs everything in parallel.,38.0,16,False,3.0,2308.0,64.0,,,,,,,
106,sbt-git,sbt/sbt-git,sbt,https://github.com/sbt/sbt-git,https://github.com/sbt/sbt-git,BSD-2-Clause,2011-10-26 18:18:57,2023-05-05 23:06:39,2022-11-22 08:24:38,313.0,,96.0,16.0,126.0,26.0,81.0,340.0,2022-12-05 16:20:46,2.0.1,7.0,A git plugin for sbt.,50.0,16,True,3.0,,,,,,,,,
107,mockito-scala,mockito/mockito-scala,test,https://github.com/mockito/mockito-scala,https://github.com/mockito/mockito-scala,MIT,2018-06-23 16:45:29,2023-06-06 19:11:09,2023-03-20 21:45:23,870.0,1.0,50.0,17.0,377.0,23.0,96.0,322.0,2023-03-20 22:05:34,1.17.14,25.0,Mockito for Scala language.,28.0,16,True,3.0,,,,,,,,,
108,sbt-dependency-check,albuch/sbt-dependency-check,sbt,https://github.com/albuch/sbt-dependency-check,https://github.com/albuch/sbt-dependency-check,Apache-2.0,2016-01-12 09:14:44,2023-05-24 12:39:03,2023-05-06 07:09:46,621.0,3.0,33.0,11.0,225.0,2.0,79.0,251.0,2023-03-05 11:31:58,5.1.0,46.0,SBT Plugin for OWASP DependencyCheck. Monitor your dependencies and report if there are any publicly known..,18.0,16,True,3.0,,,,,,,,,
109,scalismo,unibas-gravis/scalismo,media,https://github.com/unibas-gravis/scalismo,https://github.com/unibas-gravis/scalismo,Apache-2.0,2015-02-13 13:58:38,2023-03-26 07:36:30,2023-03-26 07:26:24,1818.0,5.0,61.0,19.0,332.0,13.0,59.0,231.0,2022-05-12 15:21:04,0.91.0,6.0,Scalable Image Analysis and Shape Modelling.,22.0,16,True,2.0,,,,,-2.0,,,,
110,youi,outr/youi,web-frameworks,https://github.com/outr/youi,https://github.com/outr/youi,MIT,2012-06-26 14:06:32,2023-06-04 00:46:08,2022-12-07 15:24:18,2690.0,,26.0,17.0,262.0,11.0,41.0,209.0,2019-01-30 18:17:20,0.9.0,12.0,"Next generation user interface and application development in Scala and Scala.js for web, mobile, and desktop.",11.0,16,True,3.0,,,,,,,,,
111,sbt-doctest,tkawachi/sbt-doctest,sbt,https://github.com/tkawachi/sbt-doctest,https://github.com/tkawachi/sbt-doctest,MIT,2014-06-10 15:46:12,2023-06-07 20:35:45,2023-06-07 20:35:45,655.0,17.0,27.0,12.0,330.0,13.0,47.0,183.0,2015-12-17 13:37:24,0.3.5,1.0,Doctest for scala.,26.0,16,True,3.0,,,,,,,,,
112,sbt-scalafmt,scalameta/sbt-scalafmt,sbt,https://github.com/scalameta/sbt-scalafmt,https://github.com/scalameta/sbt-scalafmt,Apache-2.0,2018-06-10 21:10:13,2023-06-05 02:02:29,2023-06-05 02:02:26,247.0,5.0,35.0,8.0,198.0,4.0,56.0,161.0,2022-11-14 19:51:16,2.5.0,23.0,sbt plugin for Scalafmt.,27.0,16,True,3.0,,,,,,,,,
113,scalaj-http,scalaj/scalaj-http,http,https://github.com/scalaj/scalaj-http,https://github.com/scalaj/scalaj-http,Apache-2.0,2010-08-23 20:05:19,2022-04-03 21:19:24,2022-04-03 21:19:24,300.0,,120.0,44.0,84.0,28.0,112.0,975.0,2016-04-02 20:58:24,2.3.0,1.0,Simple scala wrapper for HttpURLConnection. OAuth included.,29.0,15,True,3.0,,,,,,,,,
114,simulacrum,typelevel/simulacrum,toolkits,https://github.com/typelevel/simulacrum,https://github.com/typelevel/simulacrum,BSD-3-Clause,2015-01-17 03:49:30,2023-01-21 08:35:21,2023-01-21 08:35:21,430.0,,59.0,35.0,161.0,28.0,45.0,939.0,2018-02-20 14:20:53,0.12.0,1.0,First class syntax support for type classes in Scala.,34.0,15,True,3.0,,,,,,,,,
115,reboot,dispatch/reboot,http,https://github.com/dispatch/reboot,https://github.com/dispatch/reboot,LGPL-3.0,2011-12-11 22:33:52,2023-02-02 15:22:17,2023-02-02 15:22:17,722.0,,103.0,35.0,135.0,5.0,97.0,429.0,2020-01-11 01:05:15,1.2.0,24.0,Scala wrapper for the Java AsyncHttpClient.,38.0,15,True,3.0,,,,,,,,,
116,larray,xerial/larray,toolkits,https://github.com/xerial/larray,https://github.com/xerial/larray,Apache-2.0,2013-03-18 01:19:50,2022-11-30 18:43:55,2022-11-25 09:52:48,465.0,,40.0,27.0,26.0,20.0,33.0,395.0,2016-12-14 04:07:48,0.4.0,3.0,Large off-heap arrays and mmap files for Scala and Java.,11.0,15,True,3.0,,,,,,,,,
117,kantan.csv,nrinaudo/kantan.csv,csv-yaml,https://github.com/nrinaudo/kantan.csv,https://github.com/nrinaudo/kantan.csv,Apache-2.0,2015-07-22 06:51:22,2023-06-06 19:52:30,2022-09-06 14:24:02,1028.0,,33.0,10.0,181.0,37.0,134.0,346.0,2019-06-04 07:25:39,0.5.1,12.0,CSV handling library for Scala.,9.0,15,True,2.0,,,,,,,,,
118,scala-activerecord,aselab/scala-activerecord,db-clients,https://github.com/aselab/scala-activerecord,https://github.com/aselab/scala-activerecord,MIT,2012-04-10 04:26:31,2021-01-08 00:05:38,2021-01-08 00:05:30,513.0,,27.0,35.0,12.0,20.0,62.0,321.0,2020-10-07 00:17:01,0.6.1,8.0,ActiveRecord-like ORM library for Scala.,9.0,15,False,3.0,,,,,,,,,
119,scaldi,scaldi/scaldi,di,https://github.com/scaldi/scaldi,https://github.com/scaldi/scaldi,Apache-2.0,2010-05-17 17:14:02,2023-06-05 03:52:26,2022-06-08 15:18:06,506.0,,23.0,8.0,177.0,18.0,49.0,290.0,2021-07-27 19:27:16,0.6.2,16.0,Lightweight Scala Dependency Injection Library.,13.0,15,True,3.0,,,,,,,,,
120,minitest,monix/minitest,test,https://github.com/monix/minitest,https://github.com/monix/minitest,Apache-2.0,2014-12-16 01:17:08,2023-05-31 20:20:52,2021-11-28 09:54:57,394.0,,30.0,8.0,159.0,,10.0,178.0,2021-05-13 19:30:08,2.9.6,13.0,The super light testing library for Scala and Scala.js.,23.0,15,False,3.0,,,,,,,,,
121,sbt-unidoc,sbt/sbt-unidoc,sbt,https://github.com/sbt/sbt-unidoc,https://github.com/sbt/sbt-unidoc,Apache-2.0,2013-05-16 06:40:23,2023-06-05 02:41:50,2023-06-04 11:34:39,162.0,5.0,28.0,15.0,87.0,24.0,34.0,123.0,2021-10-23 21:22:11,0.5.0,5.0,sbt plugin to create a unified Scaladoc or Javadoc API document across multiple subprojects.,23.0,15,True,3.0,,,,,,,,,
122,zio-elasticsearch,lambdaworks/zio-elasticsearch,db-clients,https://github.com/lambdaworks/zio-elasticsearch,https://github.com/lambdaworks/zio-elasticsearch,Apache-2.0,2022-08-07 09:04:07,2023-06-06 20:37:35,2023-06-06 20:34:11,221.0,122.0,6.0,14.0,208.0,6.0,30.0,52.0,2023-04-21 15:49:43,0.1.0,1.0,ZIO Elasticsearch is a type-safe and streaming-friendly ZIO native Elasticsearch client.,10.0,15,True,3.0,,,,,,,,,['zio']
123,scala-redis,debasishg/scala-redis,db-clients,https://github.com/debasishg/scala-redis,https://github.com/debasishg/scala-redis,,2009-12-31 06:31:15,2023-01-25 21:39:14,2021-12-19 15:12:11,485.0,,221.0,62.0,150.0,70.0,82.0,1022.0,2021-11-02 15:19:32,3.42,11.0,"A scala library for connecting to a redis server, or a cluster of redis nodes using consistent hashing on the client..",72.0,14,False,3.0,,,,,,,,,
124,sbt-revolver,spray/sbt-revolver,sbt,https://github.com/spray/sbt-revolver,https://github.com/spray/sbt-revolver,Apache-2.0,2011-12-15 10:04:49,2023-04-08 09:28:56,2023-04-08 09:16:34,170.0,6.0,54.0,22.0,31.0,19.0,64.0,826.0,,,,An SBT plugin for dangerously fast development turnaround in Scala.,16.0,14,True,3.0,,,,,,,,,
125,requests-scala,com-lihaoyi/requests-scala,http,https://github.com/com-lihaoyi/requests-scala,https://github.com/com-lihaoyi/requests-scala,,2018-07-19 11:06:17,2023-06-08 15:46:13,2022-12-25 14:15:38,165.0,,66.0,13.0,76.0,25.0,37.0,680.0,2022-12-25 14:57:04,0.8.0,6.0,"A Scala port of the popular Python Requests HTTP client: flexible, intuitive, and straightforward to use.",29.0,14,False,3.0,,,,,,,,,
126,scala-csv,tototoshi/scala-csv,csv-yaml,https://github.com/tototoshi/scala-csv,https://github.com/tototoshi/scala-csv,,2012-03-08 17:02:19,2023-05-18 10:59:53,2023-05-18 10:59:48,462.0,12.0,136.0,27.0,194.0,22.0,63.0,674.0,,,,CSV Reader/Writer for Scala.,34.0,14,False,2.0,,,,,,,,,
127,sbt-pack,xerial/sbt-pack,sbt,https://github.com/xerial/sbt-pack,https://github.com/xerial/sbt-pack,,2012-11-19 06:44:58,2023-06-07 16:22:34,2023-06-07 16:22:33,830.0,21.0,72.0,14.0,313.0,28.0,68.0,475.0,2022-11-24 02:03:25,0.17,12.0,A sbt plugin for creating distributable Scala packages.,36.0,14,False,3.0,,,,,,,,,
128,utest,com-lihaoyi/utest,test,https://github.com/com-lihaoyi/utest,https://github.com/com-lihaoyi/utest,,2014-01-27 03:12:39,2023-06-08 15:49:14,2023-04-29 21:54:02,687.0,4.0,75.0,18.0,167.0,24.0,106.0,470.0,2022-09-06 22:28:12,0.8.1,8.0,A simple testing framework for Scala.,48.0,14,False,3.0,,,,,,,,,
129,hamsters,scala-hamsters/hamsters,toolkits,https://github.com/scala-hamsters/hamsters,https://github.com/scala-hamsters/hamsters,Apache-2.0,2016-04-18 13:12:24,2020-12-19 17:54:15,2020-02-25 09:53:53,587.0,,22.0,22.0,70.0,5.0,61.0,290.0,,,,A mini Scala utility library.,24.0,14,False,3.0,,,,,,,,,
130,chaos,mesosphere/chaos,web-frameworks,https://github.com/mesosphere/chaos,https://github.com/mesosphere/chaos,Apache-2.0,2013-06-25 14:53:40,2019-04-15 12:17:35,2019-04-15 12:17:21,224.0,,36.0,153.0,52.0,12.0,15.0,252.0,2017-04-05 09:50:47,0.8.8,1.0,A lightweight framework for writing REST services in Scala.,20.0,14,False,3.0,,,,,,,,,
131,sbt-site,sbt/sbt-site,sbt,https://github.com/sbt/sbt-site,https://github.com/sbt/sbt-site,,2012-05-16 15:10:10,2023-05-14 18:47:35,2023-05-14 18:47:35,434.0,1.0,69.0,19.0,132.0,25.0,53.0,175.0,2023-05-12 07:21:57,1.5.0,17.0,Site generation for sbt.,43.0,14,False,3.0,,,,,,,,,
132,relate,lucidsoftware/relate,db-clients,https://github.com/lucidsoftware/relate,https://github.com/lucidsoftware/relate,Apache-2.0,2014-05-19 19:18:32,2023-06-08 05:08:55,2023-06-08 05:08:55,289.0,7.0,17.0,43.0,58.0,10.0,12.0,163.0,2020-07-22 20:01:31,3.0.0,12.0,Performant database access in Scala.,18.0,14,True,3.0,1426.0,14.0,,,,,,,
133,finagle-postgres,finagle/finagle-postgres,db-clients,https://github.com/finagle/finagle-postgres,https://github.com/finagle/finagle-postgres,Apache-2.0,2015-03-10 16:01:08,2023-06-04 17:47:30,2021-06-02 20:15:58,486.0,,40.0,9.0,279.0,13.0,25.0,83.0,2021-04-23 22:46:03,0.13,16.0,PostgreSQL protocol support for Finagle.,33.0,14,False,3.0,,,,,,,,,
134,chronoscala,chronoscala/chronoscala,toolkits,https://github.com/chronoscala/chronoscala,https://github.com/chronoscala/chronoscala,MIT,2016-07-11 17:30:46,2023-05-17 11:08:57,2023-05-17 11:08:51,406.0,12.0,7.0,48.0,186.0,2.0,13.0,67.0,2022-10-06 06:21:17,2.0.8,9.0,A JSR-310 port of nscala_time.,10.0,14,True,3.0,,,,,,,,,
135,tut,tpolecat/tut,sbt,https://github.com/tpolecat/tut,https://github.com/tpolecat/tut,MIT,2013-10-25 21:41:48,2021-04-12 21:20:42,2021-04-12 21:20:42,454.0,,60.0,19.0,150.0,63.0,52.0,585.0,,,,doc/tutorial generator for scala.,38.0,13,False,3.0,,,,,,,,,
136,splain,tek/splain,sbt,https://github.com/tek/splain,https://github.com/tek/splain,MIT,2016-12-18 00:02:41,2023-06-08 16:36:03,2022-11-07 18:21:25,340.0,,27.0,11.0,45.0,8.0,43.0,368.0,2022-01-31 05:31:17,Release/1.0.0-2.13.8,16.0,better implicit errors for scala.,18.0,13,True,3.0,113.0,1.0,,,,,,,
137,scala-clippy,softwaremill/scala-clippy,sbt,https://github.com/softwaremill/scala-clippy,https://github.com/softwaremill/scala-clippy,Apache-2.0,2015-12-19 20:13:21,2019-03-14 17:25:51,2019-03-14 11:17:52,260.0,,19.0,20.0,29.0,14.0,22.0,315.0,2019-03-14 17:25:51,0.6.1,20.0,Good advice for Scala compiler errors.,8.0,13,False,3.0,,,,,,,,,
138,scalaprops,scalaprops/scalaprops,test,https://github.com/scalaprops/scalaprops,https://github.com/scalaprops/scalaprops,MIT,2015-05-05 03:19:11,2023-06-06 22:24:16,2023-06-06 22:24:16,1180.0,24.0,19.0,14.0,332.0,7.0,12.0,274.0,,,,property based testing library for Scala.,12.0,13,True,3.0,,,,,,,,,
139,borer,sirthias/borer,json,https://github.com/sirthias/borer,https://github.com/sirthias/borer,MPL-2.0,2019-03-04 21:32:46,2023-06-06 22:45:39,2023-05-15 08:52:00,975.0,13.0,12.0,9.0,530.0,7.0,105.0,193.0,,,,Efficient CBOR and JSON (de)serialization in Scala.,8.0,13,True,3.0,,,,,,,,,
140,scredis,Livestream/scredis,db-clients,https://github.com/Livestream/scredis,https://github.com/Livestream/scredis,Apache-2.0,2013-02-27 16:13:18,2018-06-21 20:42:37,2018-06-21 20:42:37,147.0,,14.0,34.0,8.0,1.0,51.0,154.0,2014-12-16 16:04:30,2.0.6,24.0,"Non-blocking, ultra-fast Scala Redis client built on top of Akka IO, used in production at Livestream.",7.0,13,False,3.0,,,,,,,,,
141,scruid,ing-bank/scruid,db-clients,https://github.com/ing-bank/scruid,https://github.com/ing-bank/scruid,Apache-2.0,2017-07-04 07:59:24,2021-07-04 10:22:44,2021-06-07 15:35:59,252.0,,27.0,16.0,77.0,6.0,31.0,114.0,2021-06-07 15:35:10,2.5.0,15.0,"Scala + Druid: Scruid. A library that allows you to compose queries in Scala, and parse the result back into typesafe..",19.0,13,False,3.0,,,,,,,,,
142,clickhouse-scala-client,crobox/clickhouse-scala-client,db-clients,https://github.com/crobox/clickhouse-scala-client,https://github.com/crobox/clickhouse-scala-client,LGPL-3.0,2017-03-31 13:40:12,2023-05-01 08:13:28,2023-05-01 08:13:21,868.0,27.0,19.0,8.0,112.0,13.0,20.0,107.0,2023-05-01 08:16:31,1.0.17,47.0,Clickhouse Scala Client with Reactive Streams support.,16.0,13,True,3.0,,,,,,,,,
143,laserdisc,laserdisc-io/laserdisc,db-clients,https://github.com/laserdisc-io/laserdisc,https://github.com/laserdisc-io/laserdisc,MIT,2018-06-05 09:07:12,2023-06-06 18:52:23,2023-06-06 18:52:23,642.0,15.0,14.0,5.0,709.0,14.0,11.0,90.0,2022-11-22 23:17:24,0.6.0,21.0,A Future-free Fs2 native pure FP Redis client.,9.0,13,True,3.0,,,,,,,,,
144,sbt-api-mappings,ThoughtWorksInc/sbt-api-mappings,sbt,https://github.com/ThoughtWorksInc/sbt-api-mappings,https://github.com/ThoughtWorksInc/sbt-api-mappings,Apache-2.0,2015-07-10 16:28:55,2023-06-03 05:30:13,2022-05-14 04:46:19,409.0,,16.0,34.0,139.0,,6.0,87.0,2022-03-19 19:01:11,3.0.2,8.0,An Sbt plugin that fills apiMappings for common Scala libraries.,11.0,13,True,3.0,,,,,,,,,
145,enableIf.scala,ThoughtWorksInc/enableIf.scala,toolkits,https://github.com/ThoughtWorksInc/enableIf.scala,https://github.com/ThoughtWorksInc/enableIf.scala,Apache-2.0,2016-04-13 14:26:48,2023-06-03 05:27:01,2023-05-10 04:59:08,349.0,7.0,5.0,28.0,106.0,2.0,5.0,65.0,2022-04-02 07:19:04,1.1.8,3.0,"A library that toggles Scala code at compile-time, like #if in C/C++.",5.0,13,True,3.0,,,,,,,,,
146,spata,fingo/spata,csv-yaml,https://github.com/fingo/spata,https://github.com/fingo/spata,Apache-2.0,2020-05-29 22:01:35,2023-06-01 15:04:54,2023-05-31 19:46:39,440.0,40.0,5.0,3.0,24.0,,3.0,19.0,2023-06-01 15:39:17,3.1.0,10.0,"Functional, stream-based CSV processor for Scala.",3.0,13,True,3.0,,,,,,,,,
147,better-monadic-for,oleg-py/better-monadic-for,sbt,https://github.com/oleg-py/better-monadic-for,https://github.com/oleg-py/better-monadic-for,MIT,2018-03-29 19:47:54,2021-12-31 00:10:05,2021-05-25 08:10:05,80.0,,31.0,21.0,18.0,9.0,26.0,684.0,,,1.0,Desugaring scala `for` without implicit `withFilter`s.,10.0,12,False,3.0,,,,,,,,,
148,casbah,mongodb/casbah,db-clients,https://github.com/mongodb/casbah,https://github.com/mongodb/casbah,,2010-10-29 18:39:30,2022-01-20 16:56:00,2022-01-20 16:55:58,1108.0,,126.0,60.0,64.0,,,516.0,,,,Casbah is now officially end-of-life (EOL).,36.0,12,False,3.0,,,,,,,,,
149,scalameter,scalameter/scalameter,test,https://github.com/scalameter/scalameter,https://github.com/scalameter/scalameter,,2012-11-18 20:56:32,2022-08-22 09:03:55,2022-08-22 09:03:55,798.0,,67.0,29.0,130.0,47.0,65.0,502.0,,,,Microbenchmarking and performance regression testing framework for the JVM platform.,48.0,12,False,3.0,,,,,,,,,
150,salat,salat/salat,db-clients,https://github.com/salat/salat,https://github.com/salat/salat,,2011-01-12 16:54:23,2019-03-03 13:32:54,2019-03-03 13:32:53,877.0,,102.0,55.0,82.0,31.0,97.0,485.0,,,,Salat is a simple serialization library for case classes.,43.0,12,False,3.0,,,,,,,,,
151,reactive,nafg/reactive,web-frameworks,https://github.com/nafg/reactive,https://github.com/nafg/reactive,,2010-05-27 23:21:42,2023-05-25 02:03:26,2021-02-28 04:06:13,1147.0,,37.0,18.0,137.0,26.0,53.0,215.0,,,,A simple FRP library and a web UI framework built on it.,11.0,12,False,3.0,,,,,,,,,
152,squid,epfldata/squid,toolkits,https://github.com/epfldata/squid,https://github.com/epfldata/squid,Apache-2.0,2016-03-08 21:53:00,2020-11-23 16:20:35,2020-11-23 16:20:07,583.0,,13.0,16.0,18.0,16.0,33.0,198.0,,,4.0,Squid type-safe metaprogramming and compilation framework for Scala.,6.0,12,False,3.0,,,,,,,,,
153,sbt-pgp,sbt/sbt-pgp,sbt,https://github.com/sbt/sbt-pgp,https://github.com/sbt/sbt-pgp,,2011-09-08 15:58:10,2022-12-06 03:24:26,2022-12-06 03:24:26,333.0,,52.0,7.0,86.0,18.0,97.0,140.0,2022-12-06 03:46:29,2.2.1,15.0,PGP plugin for sbt.,33.0,12,False,3.0,,,,,,,,,
154,sbt-ide-settings,Jetbrains/sbt-ide-settings,sbt,https://github.com/JetBrains/sbt-ide-settings,https://github.com/JetBrains/sbt-ide-settings,Apache-2.0,2015-02-13 12:06:38,2021-03-25 14:43:10,2021-03-25 14:42:24,33.0,,7.0,22.0,2.0,7.0,5.0,56.0,2023-02-06 17:13:32,1.1.1,4.0,SBT plugin for tweaking various IDE settings.,6.0,12,False,3.0,,,,,,,,,
155,scalive,xitrum-framework/scalive,test,https://github.com/xitrum-framework/scalive,https://github.com/xitrum-framework/scalive,MIT,2014-01-28 08:11:24,2019-01-30 13:34:32,2019-01-30 13:34:25,125.0,,12.0,17.0,3.0,7.0,12.0,198.0,2019-01-30 13:24:43,1.7.0,8.0,Connect a Scala REPL to running JVM processes without any prior setup.,4.0,11,False,3.0,604.0,5.0,,,,,,,
156,scala-forklift,lastland/scala-forklift,db-clients,https://github.com/lastland/scala-forklift,https://github.com/lastland/scala-forklift,,2015-08-18 16:26:21,2022-09-06 13:51:34,2020-04-24 19:30:57,274.0,,29.0,11.0,21.0,13.0,19.0,189.0,2016-08-10 07:04:47,0.2.3,3.0,"Type-safe data migration tool for Slick, Git and beyond.",10.0,11,False,3.0,,,,,,,,,
157,scala-records,scala-records/scala-records,toolkits,https://github.com/scala-records/scala-records,https://github.com/scala-records/scala-records,BSD-3-Clause,2014-06-17 09:59:57,2019-06-10 22:59:35,2019-06-10 22:59:34,224.0,,12.0,19.0,77.0,19.0,46.0,160.0,,,,Labeled records for Scala based on structural refinement types and macros.,11.0,11,False,3.0,,,,,,,,,
158,fintrospect,daviddenton/fintrospect,http,https://github.com/daviddenton/fintrospect,https://github.com/daviddenton/fintrospect,Apache-2.0,2015-03-01 20:31:11,2020-08-26 11:42:43,2020-08-26 11:42:38,1752.0,,8.0,7.0,23.0,3.0,26.0,93.0,,,,"Implement fast, type-safe HTTP webservices for Finagle.",5.0,11,False,3.0,,,,,,,,,
159,lolhttp,criteo/lolhttp,http,https://github.com/criteo/lolhttp,https://github.com/criteo/lolhttp,Apache-2.0,2017-04-28 07:06:53,2023-06-02 16:13:44,2021-10-22 14:33:41,122.0,,17.0,18.0,187.0,,8.0,93.0,2021-10-22 14:35:21,0.13.4,29.0,An HTTP Server and Client library for Scala.,19.0,11,False,3.0,,,,,,,,,
160,blindsight,tersesystems/blindsight,toolkits,https://github.com/tersesystems/blindsight,https://github.com/tersesystems/blindsight,,2020-03-16 03:06:57,2023-06-06 23:33:39,2023-03-27 03:59:31,393.0,7.0,6.0,5.0,421.0,11.0,26.0,80.0,2023-03-12 22:32:23,2.0.0,1.0,"Blindsight is a Scala logging API with DSL based structured logging, fluent logging, semantic logging, flow logging,..",3.0,11,False,3.0,,,,,,,,,
161,couchdb-scala,beloglazov/couchdb-scala,db-clients,https://github.com/beloglazov/couchdb-scala,https://github.com/beloglazov/couchdb-scala,Apache-2.0,2015-01-15 23:10:06,2018-11-13 12:48:24,2017-08-05 07:34:18,236.0,,18.0,6.0,33.0,18.0,31.0,65.0,2016-05-08 00:58:39,0.7.2,7.0,A purely functional Scala client for CouchDB.,2.0,11,False,3.0,,,,,,,,,
162,sbt-scala-js-map,ThoughtWorksInc/sbt-scala-js-map,sbt,https://github.com/ThoughtWorksInc/sbt-scala-js-map,https://github.com/ThoughtWorksInc/sbt-scala-js-map,Apache-2.0,2016-04-12 18:38:07,2023-06-03 05:31:41,2023-05-10 04:57:32,385.0,7.0,3.0,12.0,165.0,2.0,2.0,35.0,2021-11-22 07:29:41,4.1.1,3.0,A Sbt plugin that configures source mapping for Scala.js projects hosted on Github.,3.0,11,True,3.0,,,,,,,,,
163,ninny-json,nrktkt/ninny-json,json,https://github.com/nrktkt/ninny-json,https://github.com/nrktkt/ninny-json,Unlicense,2020-07-10 17:01:21,2023-06-03 01:26:45,2023-05-31 23:11:25,96.0,3.0,5.0,2.0,48.0,6.0,3.0,21.0,2023-01-12 01:12:50,0.7.3,25.0,JSON typeclasses that know the difference between null and absent fields.,3.0,11,True,3.0,,,,,3.0,,,,
164,scountries,lambdaworks/scountries,misc,https://github.com/lambdaworks/scountries,https://github.com/lambdaworks/scountries,Apache-2.0,2022-09-02 11:48:45,2023-06-04 20:16:14,2023-06-04 20:16:14,47.0,15.0,1.0,8.0,36.0,,,19.0,2023-04-24 16:24:47,1.0.0,2.0,"Scala library that provides an enumeration of ISO 3166 codes for countries, along with their subdivisions.",5.0,11,True,3.0,,,io.lambdaworks:scountries,https://search.maven.org/artifact/io.lambdaworks/scountries,,,,,
165,scurl-detector,lambdaworks/scurl-detector,misc,https://github.com/lambdaworks/scurl-detector,https://github.com/lambdaworks/scurl-detector,Apache-2.0,2021-06-08 09:33:41,2023-06-04 20:24:42,2023-06-04 20:18:55,94.0,23.0,1.0,8.0,85.0,1.0,9.0,17.0,2023-04-24 16:27:11,1.1.0,2.0,Scala library that detects and extracts URLs from text.,6.0,11,True,3.0,,,io.lambdaworks:scurl-detector_2.13,https://search.maven.org/artifact/io.lambdaworks/scurl-detector_2.13,,,,,
166,subcut,dickwall/subcut,di,https://github.com/dickwall/subcut,https://github.com/dickwall/subcut,,2011-05-30 23:58:27,2020-10-12 22:18:41,2018-05-17 21:40:26,92.0,,27.0,25.0,17.0,4.0,21.0,388.0,,,,Scala Uniquely Bound Classes Under Traits.,11.0,10,False,3.0,,,,,,,,,
167,scalacollider,sciss/scalacollider,media,https://github.com/Sciss/ScalaCollider,https://github.com/Sciss/ScalaCollider,AGPL-3.0,2009-12-10 16:39:10,2021-11-18 09:19:03,2021-10-24 16:33:52,581.0,,16.0,15.0,5.0,9.0,83.0,204.0,,,,A Scala sound synthesis library based on SuperCollider.,,10,False,2.0,,,,,,,,,
168,log4s,Log4s/log4s,toolkits,https://github.com/Log4s/log4s,https://github.com/Log4s/log4s,,2013-04-28 07:57:48,2022-07-08 02:08:50,2022-07-08 02:08:50,378.0,,22.0,9.0,62.0,7.0,21.0,172.0,,,,High-performance SLF4J wrapper for Scala.,14.0,10,False,3.0,,,,,,,,,
169,sbt-groll,sbt/sbt-groll,sbt,https://github.com/sbt/sbt-groll,https://github.com/sbt/sbt-groll,Apache-2.0,2012-10-21 20:43:30,2021-12-17 12:41:12,2021-12-17 12:40:44,126.0,,8.0,8.0,23.0,1.0,4.0,134.0,2021-12-17 12:41:14,7.1.0,3.0,sbt plugin to roll the Git history.,8.0,10,True,3.0,,,,,,,,,
170,ScalaJack,gzoller/ScalaJack,json,https://github.com/gzoller/ScalaJack,https://github.com/gzoller/ScalaJack,MIT,2013-06-17 20:20:56,2022-11-15 00:51:10,2022-11-15 00:50:56,923.0,,8.0,12.0,182.0,2.0,49.0,110.0,,,,Fast JSON parser/generator for Scala.,13.0,10,True,3.0,,,,,,,,,
171,longevity,longevityframework/longevity,db-clients,https://github.com/longevityframework/longevity,https://github.com/longevityframework/longevity,,2014-12-17 02:50:13,2018-07-06 02:43:27,2018-07-06 02:43:18,1216.0,,5.0,12.0,8.0,36.0,4.0,103.0,2018-07-01 17:41:25,0.27.0,35.0,A Persistence Framework for Scala and NoSQL.,3.0,10,False,3.0,,,,,,,,,
172,moultingyaml,jcazevedo/moultingyaml,csv-yaml,https://github.com/jcazevedo/moultingyaml,https://github.com/jcazevedo/moultingyaml,MIT,2015-07-02 21:27:23,2022-09-13 21:31:10,2020-03-30 12:05:00,171.0,,33.0,5.0,28.0,16.0,8.0,98.0,,,,Scala wrapper for SnakeYAML.,13.0,10,False,3.0,,,,,,,,,
173,pushka,fomkin/pushka,json,https://github.com/fomkin/pushka,https://github.com/fomkin/pushka,Apache-2.0,2015-08-19 06:24:31,2019-06-12 09:24:40,2016-11-24 20:47:45,88.0,,9.0,7.0,26.0,9.0,25.0,74.0,,,14.0,ABANDONED Pure Scala serialization library with annotations.,5.0,10,False,3.0,,,,,,,,,
174,media4s,outr/media4s,media,https://github.com/outr/media4s,https://github.com/outr/media4s,MIT,2016-09-28 20:04:06,2023-02-13 02:14:37,2023-02-13 02:14:17,54.0,,4.0,5.0,4.0,,3.0,29.0,2023-02-13 02:15:20,1.0.18,1.0,"Scala command-line wrapper around ffmpeg, ffprobe, ImageMagick, and other tools relating to media.",3.0,10,True,2.0,,,,,,,,,
175,roshttp,hmil/roshttp,http,https://github.com/hmil/RosHTTP,https://github.com/hmil/RosHTTP,MIT,2016-02-26 12:29:57,2021-06-06 09:38:29,2021-06-06 09:38:29,135.0,,20.0,5.0,49.0,18.0,28.0,125.0,,,,Unified Scala.js + Scala HTTP client API.,13.0,9,False,3.0,,,,,,,,,
176,scala-jsonapi,scala-jsonapi/scala-jsonapi,json,https://github.com/scala-jsonapi/scala-jsonapi,https://github.com/scala-jsonapi/scala-jsonapi,,2015-11-09 12:47:14,2018-12-28 12:29:57,2018-06-11 08:54:13,135.0,,24.0,29.0,52.0,13.0,34.0,108.0,,,,"Scala support library for integrating the JSON API spec with Spray, Play! or Circe.",20.0,9,False,3.0,,,,,,,,,
177,sbt-ghpages,sbt/sbt-ghpages,sbt,https://github.com/sbt/sbt-ghpages,https://github.com/sbt/sbt-ghpages,,2012-05-16 15:21:19,2023-06-02 23:03:28,2023-06-02 23:03:28,158.0,9.0,18.0,9.0,77.0,17.0,13.0,94.0,2022-12-06 06:47:04,0.7.0,1.0,"git, site and ghpages support for sbt projects.",20.0,9,False,3.0,,,,,-2.0,,,,
178,sbt-javacv,bytedeco/sbt-javacv,media,https://github.com/bytedeco/sbt-javacv,https://github.com/bytedeco/sbt-javacv,MIT,2016-03-20 10:10:42,2018-12-22 14:05:22,2018-12-22 14:05:25,55.0,,14.0,8.0,13.0,1.0,6.0,91.0,2018-12-22 14:00:40,1.17,13.0,"Start using OpenCV in your JVM project in just 1 line, no separate compiling, installing OpenCV, or fussing with your..",4.0,9,False,3.0,,,,,,,,,
179,molecule,scalamolecule/molecule,db-clients,https://github.com/scalamolecule/molecule,https://github.com/scalamolecule/molecule,,2014-07-01 23:57:41,2022-05-02 13:01:22,2022-05-02 12:59:42,721.0,,3.0,6.0,,,23.0,68.0,2022-01-15 15:51:59,1.1.0,56.0,Non-blocking asynchronous domain-customizable database query language for Scala and Scala.js against the Datomic..,,9,False,3.0,5.0,0.0,,,,,,,
180,jam,yakivy/jam,di,https://github.com/yakivy/jam,https://github.com/yakivy/jam,MIT,2021-02-12 09:59:54,2023-06-06 12:00:00,2023-06-06 11:59:56,45.0,5.0,3.0,3.0,2.0,,8.0,59.0,,,,Incredibly simple DI Scala library.,4.0,9,True,3.0,,,,,,,,,
181,lucene4s,outr/lucene4s,db-clients,https://github.com/outr/lucene4s,https://github.com/outr/lucene4s,MIT,2016-10-11 18:40:58,2021-07-18 01:06:33,2021-05-17 19:36:10,153.0,,18.0,7.0,16.0,2.0,7.0,53.0,,,,Light-weight convenience wrapper around Lucene to simplify complex tasks and add Scala sugar.,5.0,9,False,3.0,,,,,,,,,
182,ReactiveCouchbase-rs-core,ReactiveCouchbase/ReactiveCouchbase-rs-core,db-clients,https://github.com/ReactiveCouchbase/reactivecouchbase-rs-core,https://github.com/ReactiveCouchbase/reactivecouchbase-rs-core,Apache-2.0,2017-02-08 08:16:45,2018-04-23 09:37:17,2018-04-23 09:35:53,131.0,,10.0,7.0,13.0,7.0,11.0,27.0,2017-09-29 15:00:23,1.0.0,1.0,New ReactiveCouchbase driver using reactive-streams.,8.0,9,False,3.0,,,,,,,,,
183,sbt-deploy-ssh,shmishleniy/sbt-deploy-ssh,sbt,https://github.com/shmishleniy/sbt-deploy-ssh,https://github.com/shmishleniy/sbt-deploy-ssh,MIT,2015-01-16 12:38:45,2021-04-28 13:50:29,2021-04-28 13:46:46,41.0,,2.0,5.0,4.0,1.0,11.0,27.0,2021-04-28 13:50:29,0.1.5,5.0,SBT deploy plugin.,6.0,9,False,3.0,,,,,,,,,
184,akka-persistence-gcp-datastore,innFactory/akka-persistence-gcp-datastore,db-clients,https://github.com/innFactory/akka-persistence-gcp-datastore,https://github.com/innFactory/akka-persistence-gcp-datastore,Apache-2.0,2019-11-29 19:52:00,2023-06-08 00:20:02,2022-03-15 00:18:23,292.0,,3.0,4.0,181.0,1.0,,20.0,,,,akka-persistence-gcp-datastore is a journal and snapshot store plugin for akka-persistence using google cloud..,4.0,9,True,3.0,,,,,,,,,
185,Freasy-Monad,Thangiee/Freasy-Monad,toolkits,https://github.com/Thangiee/Freasy-Monad,https://github.com/Thangiee/Freasy-Monad,MIT,2016-09-05 06:07:02,2018-06-15 23:31:10,2018-06-15 23:31:09,94.0,,8.0,7.0,1.0,,11.0,114.0,,,,Easy way to create Free Monad using Scala macros with first-class Intellij support.,4.0,8,False,3.0,,,,,,,,,
186,shade,monix/shade,db-clients,https://github.com/monix/shade,https://github.com/monix/shade,MIT,2013-06-24 11:30:05,2021-03-18 23:25:57,2018-03-24 04:39:05,133.0,,18.0,11.0,43.0,9.0,15.0,108.0,,,,Memcached client for Scala.,12.0,8,False,3.0,,,,,,,,,
187,morpheus,outworkers/morpheus,db-clients,https://github.com/outworkers/morpheus,https://github.com/outworkers/morpheus,,2015-09-03 10:48:15,2019-06-12 10:57:50,2019-06-12 10:57:47,217.0,,4.0,5.0,18.0,,,101.0,2016-04-11 09:47:33,"org=com.websudos,name=morpheus,version=0.2.7",2.0,Reactive type-safe Scala driver for SQL databases.,5.0,8,False,3.0,,,,,,,,,
188,pagelets,splink/pagelets,web-frameworks,https://github.com/splink/pagelets,https://github.com/splink/pagelets,Apache-2.0,2016-10-03 17:48:28,2022-01-31 22:50:46,2022-01-31 22:49:47,138.0,,6.0,9.0,7.0,,5.0,78.0,,,,A module for the Play Framework to build highly modular applications.,,8,True,3.0,,,,,,,,,
189,scalarelational,outr/scalarelational,db-clients,https://github.com/outr/scalarelational,https://github.com/outr/scalarelational,,2013-11-01 17:14:15,2019-03-06 15:28:00,2019-03-06 15:27:46,520.0,,8.0,12.0,39.0,15.0,49.0,58.0,,,,"Type-Safe framework for defining, modifying, and querying SQL databases.",7.0,8,False,3.0,,,,,,,,,
190,scala-phash,poslegm/scala-phash,media,https://github.com/poslegm/scala-phash,https://github.com/poslegm/scala-phash,MIT,2017-03-17 05:59:47,2020-07-22 10:26:17,2020-07-22 10:26:09,73.0,,3.0,1.0,3.0,,5.0,17.0,2019-06-10 22:19:24,1.2.2,5.0,Image comparison by hash codes.,3.0,8,False,3.0,,,,,,,,,
191,analogweb-scala,analogweb/analogweb-scala,web-frameworks,https://github.com/analogweb/analogweb-scala,https://github.com/analogweb/analogweb-scala,MIT,2013-12-19 15:49:54,2022-08-13 08:21:27,2022-07-19 14:14:08,414.0,,2.0,3.0,17.0,1.0,26.0,13.0,,,,Tiny High Performance HTTP Server for Scala.,4.0,8,False,3.0,,,,,,,,,
192,scala-sql,wangzaixiang/scala-sql,db-clients,https://github.com/wangzaixiang/scala-sql,https://github.com/wangzaixiang/scala-sql,,2012-05-29 01:09:15,2023-05-31 09:16:02,2023-05-31 09:15:37,126.0,1.0,17.0,10.0,1.0,,2.0,89.0,2019-01-04 03:19:55,2.0.7,3.0,scala SQL api.,5.0,7,False,3.0,,,,,,,,,
193,lamma,maxcellent/lamma,toolkits,https://github.com/maxcellent/lamma,https://github.com/maxcellent/lamma,,2014-05-26 15:37:29,2020-05-25 08:37:51,2020-05-25 08:37:50,230.0,,18.0,7.0,1.0,,13.0,89.0,,,,Lamma schedule generator for Scala is a professional schedule generation library for periodic schedules like fixed..,,7,False,3.0,,,,,,,,,
194,chromaprint.scala,mgdigital/chromaprint.scala,media,https://github.com/mgdigital/Chromaprint.scala,https://github.com/mgdigital/Chromaprint.scala,,2019-05-06 21:36:41,2019-07-04 12:53:08,2019-07-04 12:52:59,162.0,,7.0,3.0,9.0,2.0,,85.0,,,,Chromaprint/AcoustID audio fingerprinting for the JVM.,,7,False,3.0,,,,,,,,,
195,sbt-json,battermann/sbt-json,json,https://github.com/battermann/sbt-json,https://github.com/battermann/sbt-json,MIT,2017-08-16 16:28:39,2018-05-29 20:34:36,2018-05-29 20:33:52,104.0,,3.0,4.0,6.0,1.0,4.0,32.0,,,,"sbt plugin that generates Scala case classes for easy, statically typed and implicit access of JSON data e.g. from API..",2.0,7,False,3.0,,,,,,,,,
196,etcd4s,mingchuno/etcd4s,db-clients,https://github.com/mingchuno/etcd4s,https://github.com/mingchuno/etcd4s,MIT,2017-11-17 11:26:19,2023-06-03 12:34:07,2022-03-07 09:38:29,84.0,,4.0,2.0,50.0,3.0,1.0,32.0,,,,Scala etcd client implementing V3 APIs.,4.0,7,True,3.0,,,,,,,,,
197,fm-flatfile,frugalmechanic/fm-flatfile,csv-yaml,https://github.com/frugalmechanic/fm-flatfile,https://github.com/frugalmechanic/fm-flatfile,Apache-2.0,2014-04-23 20:49:52,2023-06-07 21:24:02,2023-06-07 21:23:17,107.0,3.0,3.0,5.0,3.0,3.0,,10.0,,,,Scala Library for Reading Flat File Data (CSV/TSV/XLS/XLSX).,2.0,7,False,3.0,,,,,,,,,
198,jefe,outr/jefe,http,https://github.com/outr/jefe,https://github.com/outr/jefe,MIT,2016-03-23 13:45:36,2020-01-17 23:50:29,2020-01-17 23:49:36,203.0,,,3.0,1.0,8.0,13.0,8.0,,,,"Manages installation, updating, downloading, launching, error reporting, and more for your application.",,7,False,3.0,,,,,,,,,
199,kvs,zero-deps/kvs,db-clients,https://github.com/zero-deps/kvs,https://github.com/zero-deps/kvs,,2019-08-09 21:21:29,2023-03-26 22:14:33,2022-09-01 22:23:42,770.0,,2.0,6.0,4.0,,11.0,20.0,2022-06-24 23:03:51,6.1,2.0,Highly available distributed strong eventual consistent and sequentially consistent storage with feeds and search.,16.0,6,False,3.0,,,,,,,,,
200,mapperdao,kostaskougios/mapperdao,db-clients,https://github.com/kostaskougios/mapperdao,https://github.com/kostaskougios/mapperdao,,2015-03-13 23:38:56,2018-05-14 17:34:31,2018-05-14 17:34:27,2004.0,,4.0,2.0,4.0,3.0,6.0,14.0,,,,A Scala ORM library.,10.0,6,False,3.0,,,,,,,,,
201,sclasner,xitrum-framework/sclasner,di,https://github.com/xitrum-framework/sclasner,https://github.com/xitrum-framework/sclasner,MIT,2011-09-09 04:48:43,2019-11-16 00:08:39,2019-11-16 00:08:30,66.0,,,4.0,,,3.0,10.0,,,,Scala classpath scanner.,5.0,6,False,3.0,,,,,,,,,
202,freedsl,ISCPIF/freedsl,toolkits,https://github.com/ISCPIF/freedsl,https://github.com/ISCPIF/freedsl,,2016-10-27 16:19:11,2018-09-12 13:19:12,2018-09-12 13:18:57,208.0,,1.0,7.0,1.0,,,37.0,,,,Practical effect composition library based on abstract wrapping type and the free monad.,2.0,5,False,3.0,,,,,,,,,
203,frontier,zero-deps/frontier,http,https://github.com/zero-deps/frontier,https://github.com/zero-deps/frontier,,2020-10-02 14:06:05,2022-09-13 13:27:13,2022-09-13 13:27:09,123.0,,3.0,5.0,4.0,,4.0,10.0,,,,"Fast, efficient, pure-functional, effect-free websocket, http and udp server, http client and telegram bot.",6.0,5,False,3.0,,,,,,,,,
204,json,nestorpersist/json,json,https://github.com/nestorpersist/json,https://github.com/nestorpersist/json,,2012-11-17 19:43:13,2018-03-09 04:32:45,2016-12-16 16:48:10,115.0,,8.0,5.0,10.0,,2.0,11.0,,,,"Persist-Json, a Fast Json Parser Written in Scala.",2.0,3,False,3.0,,,,,,,,,
205,tinylog,tynlog-org/tinylog,toolkits,,{},,,,,,,,,,,,,,,,,,0,False,,,,,,,,,,
